{
    "outliers": {
        "velocidade_media": {
            "outliers_z_percent": 0.01,
            "outliers_mod_z_percent": 0.01,
            "mean": 78.88075292365782,
            "median": 77.75910833679373,
            "mad": 13.385508336793734
        },
        "temperatura_celsius": {
            "outliers_z_percent": 0.212,
            "outliers_mod_z_percent": 0.22399999999999998,
            "mean": 16.211088180541992,
            "median": 17.515289306640625,
            "mad": 6.9010009765625
        },
        "precipitacao_milimetros": {
            "outliers_z_percent": 2.3120000000000003,
            "outliers_mod_z_percent": 39.028,
            "mean": 0.11032402515411377,
            "median": 0.0,
            "mad": 1e-05
        },
        "multivariate_mahalanobis": {
            "degrees_of_freedom": 28,
            "critical_value_999": 56.892285393353625,
            "max_d2": 20406.10354106462,
            "mean_d2": 27.999439999298332,
            "outliers_percent": 6.626
        }
    },
    "normality": {
        "skewness": 1.1723598633191108,
        "kurtosis": 0.07385145166268314,
        "jarque_bera": {
            "statistic": 11464.926319581464,
            "p_value": 0.0
        },
        "shapiro_wilk": {
            "statistic": 0.8200923625901769,
            "p_value": 1.3215359205206062e-59
        },
        "kolmogorov_smirnov": {
            "statistic": 0.2576557406873209,
            "p_value": 0.0
        }
    },
    "homoscedasticity": {
        "breusch_pagan": {
            "lm_statistic": 6015.110004060276,
            "lm_p_value": 0.0,
            "f_statistic": 71.83760022812945,
            "f_p_value": 0.0
        },
        "levene_velocidade_media": {
            "statistic": 8.855136881449546,
            "p_value": 0.0029240495759632864
        }
    },
    "independence": {
        "durbin_watson": 1.9971180138773719,
        "runs_test": {
            "statistic_z": -0.026833084067546597,
            "p_value": 0.978592865442127
        }
    },
    "multicollinearity": {
        "vif_values": [
            {
                "feature": "const",
                "vif": 766.7792107514316
            },
            {
                "feature": "quantidade_cruzamentos",
                "vif": 1.1461496961103081
            },
            {
                "feature": "quantidade_semaforos",
                "vif": 1.2092351555493397
            },
            {
                "feature": "velocidade_media",
                "vif": 1.2210926243825593
            },
            {
                "feature": "quantidade_faixas_media",
                "vif": 1.1201454428851838
            },
            {
                "feature": "curvatura_acumulada",
                "vif": 1.5421679898963925
            },
            {
                "feature": "desvio_maximo_curvatura",
                "vif": 1.0666898686074935
            },
            {
                "feature": "quantidade_curvas_acentuadas",
                "vif": 1.4895856213176983
            },
            {
                "feature": "quantidade_rotatorias",
                "vif": 1.0389844245502409
            },
            {
                "feature": "quantidade_pontes",
                "vif": 2.525428672159556
            },
            {
                "feature": "comprimento_pontes_metros",
                "vif": 2.538921896067265
            },
            {
                "feature": "quantidade_tuneis",
                "vif": 1.8013983472829438
            },
            {
                "feature": "comprimento_tuneis_metros",
                "vif": 1.7991920266987078
            },
            {
                "feature": "quantidade_postos_combustivel",
                "vif": 1.0229509939730652
            },
            {
                "feature": "quantidade_restaurantes",
                "vif": 1.0643692134141987
            },
            {
                "feature": "quantidade_escolas",
                "vif": 1.00273681379187
            },
            {
                "feature": "quantidade_hospitais",
                "vif": 1.024938312234062
            },
            {
                "feature": "quantidade_rodovias_distintas",
                "vif": 1.1380332733662326
            },
            {
                "feature": "total_curvas_acentuadas",
                "vif": 1.2849229407148044
            },
            {
                "feature": "quantidade_locais_interesse",
                "vif": 1.0242608984489519
            },
            {
                "feature": "area_urbana_m2",
                "vif": 1.0198763955780696
            },
            {
                "feature": "area_rural_m2",
                "vif": 1.0013469491033309
            },
            {
                "feature": "temperatura_celsius",
                "vif": 3.9615617857493866
            },
            {
                "feature": "ponto_orvalho_celsius",
                "vif": 4.252214649493359
            },
            {
                "feature": "pressao_hpa",
                "vif": 1.1074960510947767
            },
            {
                "feature": "velocidade_vento_u",
                "vif": 1.0549025919900192
            },
            {
                "feature": "velocidade_vento_v",
                "vif": 1.0788781840868649
            },
            {
                "feature": "cobertura_nuvens_percentual",
                "vif": 1.241264083962683
            },
            {
                "feature": "precipitacao_milimetros",
                "vif": 1.1252418086338485
            }
        ],
        "max_condition_index": 4.316384651423992,
        "condition_indices": [
            4.316384651423992,
            3.275161266467226,
            2.677146193888007,
            2.3834979200584083,
            1.9868789112183125,
            1.9037019208834614,
            1.8760513506707686,
            1.795946405916719,
            1.761177750092113,
            1.7383039355588406,
            1.665881809997166,
            1.631127911415224,
            1.6069156495910901,
            1.5788071375703325,
            1.5688347058749188,
            1.5599754645070047,
            1.5472724573529133,
            1.5449875988427864,
            1.5407378839034427,
            1.5225453204737232,
            1.4928853851607633,
            1.482121798734697,
            1.459858470242527,
            1.3319050164307151,
            1.3078205617899188,
            1.1981610937241918,
            1.1181696515434503,
            1.077865946654453,
            1.0
        ]
    },
    "specification_reset": {
        "statistic": 36.425956555050526,
        "p_value": 1.230846896787457e-08
    }
}