{
    "Logistic Regression": 0.21999999999999997,
    "LDA": 0.4699999999999999,
    "Random Forest": 0.5399999999999999,
    "Neural Network (MLP)": 0.5399999999999999,
    "XGBoost": 0.5599999999999999,
    "Stacking Ensemble": 0.26999999999999996
}